gameName,tagLine,platformRegion,puuid,proName,teamName,type,source,sourceSlug,league,role,tier,lp,wins,losses
J1HUIV,000,EUW1,Dzh6oBrCmaPVqQgKxlCrw1D3drdBpC3D5c0jY4lnMB-KsMzFpeYUla7Rf06CF1hxpQ0uxAdBMy7jog,Vladi,Karmine Corp,pro,https://www.probuild.gg/pro/vladi,vladi,LEC,mid,Challenger,3528,713,571
Inmaculado,Guess,EUW1,dVUqtIVJWESysJD56TGGDi1O_s_9QbUWOQR91HG1VGa8aJl_HFGtSM1Fux2jgxcB9OShixYtBk3Hcg,Flakked,Team Heretics,pro,https://www.probuild.gg/pro/flakked,flakked,LEC,adc,Challenger,2899,577,482
suis,kr7,KR,i6MbO9eFTgtMBMTCq3TadunKuuyrLqMKNOLSydIEZRmrSYLvNkmu5UTdLhMfCy8YGvab4b6yJsadBg,Zeka,Hanwha Life Esports,pro,https://www.probuild.gg/pro/zeka,zeka,LCK,mid,Challenger,2799,254,183
KC NEXT ADKING,EUW,EUW1,xsHVHrci2F8hKNErjxXS4zgO8ZWbY36LWtrY7cRSlMM2vRjXsz7S7l4C6RfdwhX6W1dbNCWL42CSRg,Caliste,Karmine Corp,pro,https://www.probuild.gg/pro/caliste,caliste,LEC,adc,Challenger,2796,344,178
DK Smash,KR7,KR,CYdhs0D0ppKuhar0atioQHV1FURP2nF1tcC3Ew66u-6tP9oZ8-FOG63Y0Hbk3CC2Zzfaaq8TzoBeCQ,Smash,T1,pro,https://www.probuild.gg/pro/smash,smash,LCK,adc,Challenger,2677,304,241
DK ShowMaker,KR1,KR,8VJSSC39yaQ5nlIBCfbvrpbkRjc-9AO7chEDENfB1PK00QK1eIcyPpR67cyVJKJPkxnjJPKvh_-YIQ,Showmaker,Dplus KIA,pro,https://www.probuild.gg/pro/showmaker,showmaker,LCK,mid,Challenger,2639,268,207
Targamas,5555,EUW1,-52V_AciMB_b9-ojU03J_1Ewi2s74JANpKljzlefL-dQfVv_vDbZxzlLGQAm9cHF3xmQHQZ8SsFBlA,Targamas,Karmine Corp,pro,https://www.probuild.gg/pro/targamas,targamas,LEC,supp,Challenger,2632,361,266
HLE Gumayusi,0298,KR,mhclxrlybvqPWcW1f8de0tjftYtsGP6pIb1s1Hynbf26A2f8I4AnqdworUMtoyLHH8_s_79ZrEEElw,Gumayusi,T1,pro,https://www.probuild.gg/pro/gumayusi,gumayusi,LCK,adc,Challenger,2593,347,268
Sheiden,1234,EUW1,OdZMELooABt9lrjmWGcJLIzSgQeQVjBXyT2_-6dkaFZkX8J-7Glb151_OgK-CzVT7a4Pl-__ttcxCQ,Sheiden,Dignitas,pro,https://www.probuild.gg/pro/sheiden,sheiden,LTAN,jungle,Challenger,2553,370,296
G2 Labrov,8085,EUW1,6c4qXkNmbTiKYW2dByTTgMzNr5xQn2l6szNhGQrBQLgQRTNBiaYK8DVPyVeUQt5okM0fX9xuwuBqYQ,Labrov,G2 Esports,pro,https://www.probuild.gg/pro/labrov,labrov,LEC,supp,Challenger,2523,390,240
LNG BuLLDoG,KR2,KR,IpirhSu1YJgcX4g7U9QE6Kcu2kESOyRQ6FTPeLCIB7SMcX_huAyJMQFNukAJCCNHFdMHd4Xy2zGLSQ,BuLLDoG,DN FREECS,pro,https://www.probuild.gg/pro/bulldog,bulldog,LCK,mid,Challenger,2516,381,328
KRX Ucal,0130,KR,wn2VraVZwVQ-nS-yLGNujkRkuGalM1ne6wF_Y30UK0XSZEh94Nnj33EB9p3NAQzVmZOubW1R87356A,Ucal,DRX,pro,https://www.probuild.gg/pro/ucal,ucal,LCK,mid,Challenger,2515,246,192
G2 SkewMond,3327,EUW1,pDoAC7xbzhWP-Ktvja1QcQnj4b_k-IyGkYSRm5t-HRnwN6sBsaPS-bQ1QJO3gCNMnOmpSXi4ubbHtQ,SkewMond,G2 Esports,pro,https://www.probuild.gg/pro/skewmond,skewmond,LEC,jungle,Challenger,2504,483,306
대광,God,KR,ui6waLQ8AqwHH3ZCCC4xdHLAq0JmkkJd2YxAH5g6jXJ31l81b1f_Lgo4yseZFRtO8dzM4c8k6rhuzQ,VicLa,BNK FEARX,pro,https://www.probuild.gg/pro/vicla,vicla,LCK,mid,Challenger,2479,264,197
Peyz,KR11,KR,ymrI7Hogqprva3PZGHuYEKdAB_gwtdoRJogEoTSVL4Mt5qdv31LXrXlRGAW6s3Gdd0QYpR0HUHnnmA,Peyz,Beijing JDG Intel Esports,pro,https://www.probuild.gg/pro/peyz,peyz,LPL,adc,Challenger,2468,335,275
113,Kurii,EUW1,BYoA4Ov17EtCRatYFsaMDi74L4jETC-cdPwt7Bh7l089CFCM9MiFforSUZDfkD6RwJyK1l2ROqyoog,113,Team BDS,pro,https://www.probuild.gg/pro/113,113,LEC,jungle,Challenger,2468,411,287
G2 Caps,1323,EUW1,VxypXcRNDLQqqPQst6lgI14v6L3ngecWsYNHj_9fq4QvdtgVHXr5YIGGsYMC3my7t-0Kz8J-Mjxzag,Caps,G2 Esports,pro,https://www.probuild.gg/pro/caps,caps,LEC,mid,Challenger,2465,384,251
BRO Loki,0823,KR,QQb1KGnoUOXCxKt_BXx21PCeaTDMh2XaqfBbNMroMY-NnmJoTLt82AJx13svUNv2LacUeEoZWm2rcw,Loki,Cloud9 Kia,pro,https://www.probuild.gg/pro/loki,loki,LTAN,mid,Challenger,2447,396,357
DK Lucid,KR1,KR,5iGUDtvecZ03_5Y59YrLb0mByKCnJs-3CQLB-S0ranMkdYST355Cqqbk0O7MNC_Qw11RCn6C0mbSYw,Lucid,Dplus KIA,pro,https://www.probuild.gg/pro/lucid,lucid,LCK,jungle,Challenger,2423,296,230
Nothing much,EUW,EUW1,4cKrvsy-EY5iNUWn1m8DUZXeIrp3TgYvOabVle-aZEe_qnS7ivntRMU6Noy7bBcwvknxlIrVO8nnIg,Adam,Rogue,pro,https://www.probuild.gg/pro/adam,adam,LEC,top,Challenger,2396,585,489
leave,444,KR,fwKfhQfM2trAiUsEDnXuUc4NIO9xK-8XNuOTxzCNGwVN4RqYiMdfCBxl57JfCQfFsTpcHsgaLQNUbQ,Leave,Shenzhen Ninjas in Pyjamas,pro,https://www.probuild.gg/pro/leave,leave,LPL,adc,Challenger,2375,259,204
강아지좋아,KR3,KR,IoomUnyImis-odoDcszqbpcfTndBu8zCVJ50Q3ZPMsbwXkaOuEbz-pPoaBDWg2rR-RHLeSJHOPGNxg,Xiaohao,Shanghai Edward Gaming Hycan,pro,https://www.probuild.gg/pro/xiaohao,xiaohao,LPL,jungle,Challenger,2372,327,262
어쩌라고맞짱뜰까,HOYA,KR,NPYrapU6_gzT2T-6_CMkZXKl1eeg8y7BtF6Nf4IiiFervChJfyfUNZODxvcJ9PVvhQilL8CGJkUIKg,HOYA,ThunderTalk Gaming,pro,https://www.probuild.gg/pro/hoya,hoya,LPL,top,Challenger,2363,345,316
Kimman,zxfkk,KR,mPnIwjUJsc31ITu3sJ_1vBYTaeDeyIxUrddiS6uPJ3gvuRIaFbWPfWdWSnIECOzD20-JR3uBRyDWyA,Wei,Bilibili Gaming DreamSmart,pro,https://www.probuild.gg/pro/wei,wei,LPL,jungle,Challenger,2358,226,167
mashushu,KR1,KR,yT8SR9nwHhs_B1N4ZsGFUtsNiATbjWyJqeqcAUK6DFvne_gw63ltFx_NHzhRuZqsN0Rwh8jP3ZjN_Q,Xiaohu,WeiboGaming Faw Audi,pro,https://www.probuild.gg/pro/xiaohu,xiaohu,LPL,mid,Challenger,2325,223,172
TOPKING,asd,KR,lRQCSuKKly4cHC3hWv0JWbNO4D7TOqZdPCu1wXWOw3OoJvYiP6f-15oULElNoNZbTn-iUFMsbL-Vow,Siwoo,Dplus KIA,pro,https://www.probuild.gg/pro/siwoo,siwoo,LCK,top,Challenger,2319,474,431
Raptor,KR123,KR,DZwbqB0GiLOCzpIlDneRg9l_sXVmjTj8gAhmtFkC3fT_Q5Q2b8v4Y7RETT2VX5Hlkk9uWwMWxg8sDA,Raptor,BNK FEARX,pro,https://www.probuild.gg/pro/raptor,raptor,LCK,jungle,Challenger,2301,235,186
오 너,111,KR,5ySMAv1y4bi-l7Pld0G7KWUbTSu5joluzkaBhtBojO5JHm5ehyfKZldo__vZRQhofn6AGn19EcnoXw,Oner,T1,pro,https://www.probuild.gg/pro/oner,oner,LCK,jungle,Challenger,2300,288,241
SeTab,123,KR,C0tPrDAaG4PD5eo9zk53fULPHEijeMrMZvN1MaB_u6g-Xt_41dOPieQGN86d_IWBS7R5la5vB-Scqw,SeTab,ThunderTalk Gaming,pro,https://www.probuild.gg/pro/setab,setab,LPL,mid,Challenger,2288,214,183
KC Yiken,1111,EUW1,EJ3Q4nlPjuGfAdgrP2br9sdNxJ2HQ-zbAZn08UCK9vEol-Qxq_tDKC6TFqRdqxUhBTjz-sdnLXLtnQ,Yike,Karmine Corp,pro,https://www.probuild.gg/pro/yike,yike,LEC,jungle,Challenger,2285,356,237
Maldives,0727,KR,peaDUvQ5nTNZ40iHrEcf04c0YDQ3M-txQcgeSagw6Ab_-n2XX7wHJs-evXk8BnBbGnJ6NWku6Yb47g,Clozer,OKSavingsBank BRION,pro,https://www.probuild.gg/pro/clozer,clozer,LCK,mid,Challenger,2275,374,334
Moham,OMG,KR,n9IO7dkvI_HVVtC0oZe1JATUt6AnXj5iy02gRKWUBEeUlPUSQmyyENH3EbNORucBJb4DXzjb4ckAMQ,Moham,Oh My God,pro,https://www.probuild.gg/pro/moham,moham,LPL,supp,Challenger,1971,268,237
JUGKlNG,kr,KR,NQQYvN9F4ORe9CthuRJb02D0ZSnG7lgIBG5YeY2Mjj9qf4TNycuLxhvSHL5fPnvu9lif7uD4bkCwEQ,Canyon,Gen.G Esports,pro,https://www.probuild.gg/pro/canyon,canyon,LCK,jungle,Challenger,2245,207,159
indoor fish,EUW,EUW1,10BEtsTa1cBBQQp5RO2JOm7hRCysw6f_yTGP0khJkdr4D7aPHgppd13Bkhj76wRJdgsCfqiLakum3Q,Kofte,BBL Dark Passage,pro,https://www.probuild.gg/pro/kofte,kofte,TCL,mid,Challenger,2244,369,281
독침붕,딱충이,KR,uy2xTb2u5Mw6F0zYu48QV1rNahi9qTKa3p_WQ3Y853Wam_QUv0v40K5vWHHPx1IG6sQ2B_V82RE_Tg,Cuzz,kt Rolster,pro,https://www.probuild.gg/pro/cuzz,cuzz,LCK,jungle,Challenger,2236,240,157
Duro,Gen,KR,exO5kerY7r1UB-nF_sn_EpDp6zbRb_Bk16arv2WCxalcfLWmS0M8j_WRNjorbYS0ISRug-19r_i-QQ,Duro,Gen.G Esports,pro,https://www.probuild.gg/pro/duro,duro,LCK,supp,Challenger,2231,186,140
허거덩,0303,KR,5Q6X9yViH0ZLtCcummbtx7UMWV7U-hCYBL-4TuQWWDcvzjDbeq_kpOiI7cl0O3iJVTQw_e8nkmZUVA,Chovy,Gen.G Esports,pro,https://www.probuild.gg/pro/chovy,chovy,LCK,mid,Challenger,2220,141,82
JG top boy,lync1,EUW1,6lPPmHkFPk0e7Dl3GgsGyqFw_3NLpyiDkwOeT7B0lAU8PMqvbnDX0m0OkjMlTEOpwN-tfkcNGMU2uw,Lyncas,Team Vitality,pro,https://www.probuild.gg/pro/lyncas,lyncas,LEC,jungle,Challenger,2219,422,275
Byron Love,1v9,EUW1,LX91oFhTcwQwRj25nqMwcJxa2VL4jFveDFVJXdDl9aHv7jHjqHZMBCSEqtNbRUvis7uUMHaH0Fzvug,Oscarinin,Fnatic,pro,https://www.probuild.gg/pro/oscarinin,oscarinin,LEC,top,Challenger,2154,392,289
Blue,KR33,KR,B2Igt4IpGWwUuT2J9lgjvNqVAOYbuLsCCf5ycQie8mEKqzzcmHWlIXu7-3SMzNbPJzeGG8d-IBsqaQ,Viper,Hanwha Life Esports,pro,https://www.probuild.gg/pro/viper,viper,LCK,adc,Challenger,2153,280,234
Not Bad,KR2,KR,YSczkZ4VlfjS8VwqWDlS7TzJBKvxdL0GCcTvzVT8afsKLBHIS3ICYD9AJjA2JtzS0WerBDP1YH01IA,Sponge,DRX,pro,https://www.probuild.gg/pro/sponge,sponge,LCK,jungle,Challenger,2150,347,276
Heart,KR1,KR,Czq0DxIKNlxccai8L7Uk6OivcHLBsSmFezTlJEJ0icOYM8JdcjtMbv2xmiHYpjNCQBiPxJsOYEGZPA,Doinb,Shenzhen Ninjas in Pyjamas,pro,https://www.probuild.gg/pro/doinb,doinb,LPL,mid,Challenger,2135,240,186
키보드에음료쏟아서고장내는이도윤,KR1,KR,xEpl_l8MraSHhQqhcVc3KLDi7eKaj_IoHzmuxQ261If_Cwfda2SPa_2gd0MxuLpEFcs0wnZiY9ydPg,ON,Bilibili Gaming DreamSmart,pro,https://www.probuild.gg/pro/on,on,LPL,supp,Challenger,2106,204,166
아이린,KR1,KR,1MxMFStF5SX2yL__LDbxuqv9909vOOr7hk1dVR5IXgoI66mLrOL0UX-mfe6BO_rcyAVn2JbhhW7aPQ,Aiming,Dplus KIA,pro,https://www.probuild.gg/pro/aiming,aiming,LCK,adc,Challenger,2090,153,90
강 철,샤 넬,KR,fVyA2BSuT3WnwArLFpZJD0V-oZyNG3ZV2PKJopGnPD_j1ZpgKO8WRxXAEho7LZr_WIrtgWsxQYMi8w,Ruler,Gen.G Esports,pro,https://www.probuild.gg/pro/ruler,ruler,LCK,adc,Challenger,2090,220,158
대머리도적,롤링썬더,KR,0GOqSZ5661UXeDoFzMw05ppdhzk8MllDFdSs3rpLan6JQrSpALq6xqWmQ4Z7GkjDeytMMAZ4xdnvdQ,Rich,DRX,pro,https://www.probuild.gg/pro/rich,rich,LCK,top,Challenger,2079,281,249
YdBB,0107,KR,qNhUTw9oOFiZIO0pTdxiFFDBMvvMnbQvMvHqUHNzgaT8IHBAlMaehjOdFocraOrbDNVlsvqzltlw0w,Pollu,OKSavingsBank BRION,pro,https://www.probuild.gg/pro/pollu,pollu,LCK,supp,Challenger,2057,420,387
G2 Hans Sama,12838,EUW1,wqUexkFFf4XAUXv6VR4jJNwl1y9WgC6aNmUPTsCyw4SlneYZyHT8WfRZQ6RvKrjdVDeDqKeBvBNZ8Q,Hans Sama,G2 Esports,pro,https://www.probuild.gg/pro/hanssama,hanssama,LEC,adc,Challenger,2054,352,231
KRX Joker,A i,KR,Do7r0ZJBkShxrgkaAFRepjjX7vHTv1pRVwEYHjRZcH4kZqIRylFHDHR5m2ZR3nLCtKGCZkqQJpxLWg,Andil,DRX,pro,https://www.probuild.gg/pro/andil,andil,LCK,supp,Challenger,2051,161,119
May,KR43,KR,kGcrEwS_1nzebG6JR6Lh6gA1EipLV_sCAPAiTGmu87eX2hCpl911fXDO6AwIRE7oTXdIIupaNcowEg,Betty,Talon,pro,https://www.probuild.gg/pro/betty,betty,LCP,adc,Challenger,2046,227,166
ismααα,EUW,EUW1,7JEXTgL0DqIwZ2-4HCl2z9SoIfa0WxxdLzF4_fcL3lnIdyvVcRl0CGW-BPgbBrQDzFxamJNckYVhrQ,ISMA,SK Gaming,pro,https://www.probuild.gg/pro/isma,isma,LEC,jungle,Challenger,2043,425,286
From One To Five,tori,EUW1,-CLi4S3dwSfkKUpC1tMiXG1jNOJxYwG2u_wPYT0gtsb3RV8qZPSoFdb6pyPgz82Bbi-CVNSgjEG2pQ,Legolas,Barça Esports,pro,https://www.probuild.gg/pro/legolas,legolas,EMEA,adc,Challenger,2043,395,311
ice seven zero,0721,KR,hqfnJYWzYFMB95kWPqe8CvMI6B4fKfHSKLpHv2XP1TwoQnvbfo1nbGTVQas5PTUgqQcyZ7Fr6cDEaQ,Beichuan,ThunderTalk Gaming,pro,https://www.probuild.gg/pro/beichuan,beichuan,LPL,jungle,Challenger,2039,196,148
작두콩차,꿀유자차,KR,DqX3IG1xcy165kXnZU5yKh9sfIV1hWAvh5xXhaItMzutdQK58uD9XLVMm_uTddWhF_E-dRyvfzZ18g,PerfecT,kt Rolster,pro,https://www.probuild.gg/pro/perfect,perfect,LCK,top,Grandmaster,1652,200,175
t4k1zz,KR2,KR,1sbMB7j8GB_gfeJijBedJdz3F4WYjOBoUDOPGnGKcBmpdahEZZerVrRs7MIi45Mx-dRNkyIEJ68qeQ,Taki,Team Secret Whales,pro,https://www.probuild.gg/pro/taki,taki,LCP,supp,Challenger,2036,401,358
hjzt0ahjhj,KR2,KR,OXcJfpty5S_8UkD164o1tBs1IE4Uk2bUbrxUMUP-MytYI2DL5Fj8s-psOsCrrZ67Vs0A6Pgj3NHH9Q,Hizto,Team Secret Whales,pro,https://www.probuild.gg/pro/hizto,hizto,LCP,jungle,Challenger,2026,356,303
아구몬,0509,KR,UT8bPR0ofwo6aimtWflclqbNJecq_8URvvyB5bn31pH7Q1cc5hOR1l2Pd835RtzkE-XHLsLNzu0n_w,Bdd,kt Rolster,pro,https://www.probuild.gg/pro/bdd,bdd,LCK,mid,Challenger,2023,173,126
titanzeraaa,r10,BR1,0YWHjipn31Fe0z3gB7VSZ0pfnzr5Dp4Zv0KMtOIRrgdrWf8tvImHUU3gT6LinsrOnnKvjqHJrZ8CMA,TitaN,paiN Gaming,pro,https://www.probuild.gg/pro/titan,titan,LTAS,adc,Challenger,2000,456,341
Karis,KR4,KR,XYI3yqdhX7WmGoNgTifP3jrXWVmrosMH86ARInCcJIuGwqGpCjsJkvetUGzaGJGZoxhODJ4pJ6t4tw,Karis,Xi'an Team WE,pro,https://www.probuild.gg/pro/karis,karis,LPL,mid,Challenger,1999,229,210
Τreasure Hunter,EUW,EUW1,Mtr1KLer3aGvZh3APE3uOtgDqyN1KS3h4M5asjqJTH8auEAb4HYNoQ5HOGzCU1cbhW-BKWkn7kmnIA,LIDER,The Ruddy Sack,pro,https://www.probuild.gg/pro/lider,lider,NLC,mid,Challenger,1990,211,161
길가다가까까사달라고조르는이도윤,KR1,KR,yR2rT9etZGgMo2tuwPRPmHCq-yeDLBmvRSca_ajCm_plrmJJ14PBhfkZKNAL_VPb8ogjb-xSCgEKHw,Angel,Shanghai Edward Gaming Hycan,pro,https://www.probuild.gg/pro/angel,angel,LPL,mid,Challenger,1989,272,224
타 잔,KR1,KR,1BWX1V4YyP61dYLY6FrBbKt57B5e09pvEudpGDARGWeXipqXz-kK4WIeL6S3gqQekgEhIOoXeT1f6g,Tarzan,Anyone's Legend,pro,https://www.probuild.gg/pro/tarzan,tarzan,LPL,jungle,Challenger,1985,287,245
Thayger,SOUL,EUW1,n1Ni16u_D0MESNIWe1XGeda4ykt7cMxYuiWDhzaoUkTjOYmmYdXSl9Kvm5OCKQ348M7I5-I04POdMw,Thayger,Barça Esports,pro,https://www.probuild.gg/pro/thayger,thayger,EMEA,jungle,Challenger,1977,367,219
UmTi,602,KR,yWXlyNJhQEWv7YGtOxtdmAo5Lm6HXVtTVQeNYeRzcaqF6z-iTDob6XH8gpsieFddpGAeU1HOF5y9wQ,UmTi,Team Liquid Honda,pro,https://www.probuild.gg/pro/umti,umti,LTAN,jungle,Challenger,1968,232,177
PNG Caca,paiN,BR1,_ZC6w8-GRucjpMpH-CJN9m6bOaIe0HtnZsei01cIWg_fvtGhITUmN1aCP9w_fnz0YJR2tEx7V2UUgA,CarioK,paiN Gaming,pro,https://www.probuild.gg/pro/cariok,cariok,LTAS,jungle,Challenger,1963,489,354
felisa,KR1,KR,9tRZOxycmx8T61SgciXXMhMSwwmQI8jc2fwmgNIVADLGBOPnQcoeFtwCGDCIERwiAfUsExq8jC3rUw,JieJie,Invictus Gaming,pro,https://www.probuild.gg/pro/jiejie,jiejie,LPL,jungle,Challenger,1962,207,166
XiXi,716,KR,dR_h7YkcSx-FaCn0WeNcRsrR0nNjvRIqzZYLT0hW6igcFeuWrfNo3VbRt84X-nHDi6l9PixU2xhztw,Heng,Oh My God,pro,https://www.probuild.gg/pro/heng,heng,LPL,jungle,Challenger,1958,422,367
YONG2,6666,KR,k5JtOXTKz0SWVSXVjsFtiBv-AoF8oxVOxEMsl7GPCFh7X7GjWQ2ZZVzfRtPOCAxr7GkDV55TK9ioow,Weiwei,Suzhou LNG Ninebot Esports,pro,https://www.probuild.gg/pro/weiwei,weiwei,LPL,jungle,Challenger,1954,441,404
댕청잇,KR123,KR,rYi9ksJGqdujQNrPS0MsbG-KKb8i_DXTl6jVT2vb8E4Y526AnZeg1R1a5ahnwpED-5FdC9F1ymrOoQ,Kellin,BNK FEARX,pro,https://www.probuild.gg/pro/kellin,kellin,LCK,supp,Challenger,1953,175,127
Zeus,glgl,KR,9sbw7OVWB9DPFgptaepZLI6ooLsJousLf0GBf_U8gdj3KNoKfePbTPTYpIzGlIO4LXbKBOreSPywBQ,Zeus,Hanwha Life Esports,pro,https://www.probuild.gg/pro/zeus,zeus,LCK,top,Challenger,1939,250,216
asdjipadsjip,KR1,KR,UpB0t2Bd84QNZOSkA016ilgiFAUBNnBrb9DKn4Xcu4dtN7g1t5cfqTqaQYq0vggKDmhuVProYgyKjw,JunJia,CTBC Flying Oyster,pro,https://www.probuild.gg/pro/junjia,junjia,LCP,jungle,Challenger,1922,340,275
Sama,KR2,KR,FLR6yRMhjqjvtdIMlo8orV4VtQL02Yuj_Og27wA4quyYcT8KZGXkeH5LQ4e7rH_6vFmzQNbxinG_dA,Saber,Ultra Prime,pro,https://www.probuild.gg/pro/saber,saber,LPL,mid,Challenger,1905,255,218
patience,0718,KR,a-0PHDFbYekZuwMbejjjV5xzfirKyG1ne3bhbmF1c3FoOuZ6G6Vu8ue3OivaCbr7mkeuBL3FJ61T2A,Climber,Hangzhou LGD Gaming,pro,https://www.probuild.gg/pro/climber,climber,LPL,jungle,Challenger,1898,268,238
guz1vjppr0kut3,2810,KR,e4XSMmvGP_axev3dH6LVPTdY_7tB53XuFnn1bNw0wFh_1gUSeRuoRvmwy2jhtrRCrNdJzHK2bz54MA,Gury,MGN Vikings Esports,pro,https://www.probuild.gg/pro/gury,gury,LCP,jungle,Challenger,1880,424,374
liziyen,Gam,KR,zI2h-Fc7pZ1X7Bk_M9SLANlbbUYFvPms_aE8K3lcx-m7Y3HvGnagskBxHEJj1eTzmAoRntNF1qjzwQ,Kiaya,GAM Esports,pro,https://www.probuild.gg/pro/kiaya,kiaya,LCP,top,Challenger,1879,480,444
mtrngrxsyl,6146,KR,ZgJfad1fQYb8aJpKcKKd2CpRUnzyKIXtCuMyaDOk0DKkgz-PnebDYdRfExzSezPv_OAnGDa1cdn4JA,MISSING,Beijing JDG Intel Esports,pro,https://www.probuild.gg/pro/missing,missing,LPL,supp,Challenger,1875,250,211
Reeker,KZN,EUW1,CoFWQFd1guXfvp8w5MOV7v4qzqxMgjbtdPuY1TdD89myzj2oZ8H0kCoZfKnnXGiQjaJbPiloeaU2zA,RKR,SK Gaming,pro,https://www.probuild.gg/pro/rkr,rkr,LEC,mid,Challenger,1875,189,141
eqweqwdsad,123,KR,yv0LWDFjd0YlajxJc5KDe8cM8vyyIu5LhS5DOVMuIsA81XtoLREEI6CKIouuejtDIKSmdTwQJyogEw,Zika,Suzhou LNG Ninebot Esports,pro,https://www.probuild.gg/pro/zika,zika,LPL,top,Challenger,1871,286,257
밤이싫어,kr9,KR,g5A5PGXWwALHyspIMS9T9KuU_mgGMoWD9PpUUc7hVARr9KV83lK0Y_f4LyMtwm3U2xgV3ZDfZDgdIw,Hena,LYON,pro,https://www.probuild.gg/pro/hena,hena,LTAN,adc,Challenger,1861,548,514
songman,KR11,KR,vLR1olvLcjC_TM0OR8701TT737DedKqMB9BoLXG70v5BJ6Ft1nWGpWEnwvzsV_deu9KuBlKzuUBeuQ,Clear,BNK FEARX,pro,https://www.probuild.gg/pro/clear,clear,LCK,top,Challenger,1858,315,274
